AtomicStapler, 1, 2014-05-07T12:33:31-07:00
Elffers, 13, 2014-05-07T12:33:31-07:00
ElizabethU, 1, 2014-05-07T12:33:31-07:00
Gringocl, 0, 2014-05-07T12:33:31-07:00
Kaflurbaleen, 0, 2014-05-07T12:33:31-07:00
NanoXD, 4, 2014-05-07T12:33:31-07:00
benlakey, 5, 2014-05-07T12:33:31-07:00
bionhart, 1, 2014-05-07T12:33:31-07:00
cbradbury, 0, 2014-05-07T12:33:31-07:00
chingor13, 0, 2014-05-07T12:33:31-07:00
davidamarion, 12, 2014-05-07T12:33:31-07:00
destron, 0, 2014-05-07T12:33:31-07:00
edconn, 0, 2014-05-07T12:33:31-07:00
henrywho, 0, 2014-05-07T12:33:31-07:00
itscaleb, 0, 2014-05-07T12:33:31-07:00
jakegavin, 0, 2014-05-07T12:33:31-07:00
jf647, 0, 2014-05-07T12:33:31-07:00
jumbo135, 11, 2014-05-07T12:33:31-07:00
kapy, 17, 2014-05-07T12:33:31-07:00
kejadlen, 75, 2014-05-07T12:33:31-07:00
kung_fu_mike, 1, 2014-05-07T12:33:31-07:00
kushali, 76, 2014-05-07T12:33:31-07:00
parndt, 0, 2014-05-07T12:33:31-07:00
phiggins, 12, 2014-05-07T12:33:31-07:00
philoserf, 0, 2014-05-07T12:33:31-07:00
sealocal, 0, 2014-05-07T12:33:31-07:00
sfeldon, 10, 2014-05-07T12:33:31-07:00
stim371, 6, 2014-05-07T12:33:31-07:00
susanna, 0, 2014-05-07T12:33:31-07:00
zenspider, 85, 2014-05-07T12:33:31-07:00
zubkonst, 0, 2014-05-07T12:33:31-07:00
zenspider, 86, 2014-05-07T23:37:47-07:00
kushali, 76, 2014-05-07T23:37:47-07:00
kejadlen, 75, 2014-05-07T23:37:47-07:00
gurgeous2, 41, 2014-05-07T23:37:47-07:00
zubkonst, 27, 2014-05-07T23:37:47-07:00
chingor13, 22, 2014-05-07T23:37:47-07:00
kapy, 17, 2014-05-07T23:37:47-07:00
Elffers, 13, 2014-05-07T23:37:47-07:00
davidamarion, 13, 2014-05-07T23:37:47-07:00
destron, 13, 2014-05-07T23:37:47-07:00
phiggins, 13, 2014-05-07T23:37:47-07:00
jumbo135, 11, 2014-05-07T23:37:47-07:00
sfeldon, 10, 2014-05-07T23:37:47-07:00
stim371, 8, 2014-05-07T23:37:47-07:00
benlakey, 5, 2014-05-07T23:37:47-07:00
jf647, 5, 2014-05-07T23:37:47-07:00
NanoXD, 4, 2014-05-07T23:37:47-07:00
Kaflurbaleen, 4, 2014-05-07T23:37:47-07:00
bookis, 2, 2014-05-07T23:37:47-07:00
philcrissman, 2, 2014-05-07T23:37:47-07:00
AtomicStapler, 1, 2014-05-07T23:37:47-07:00
milesf, 1, 2014-05-07T23:37:47-07:00
ElizabethU, 1, 2014-05-07T23:37:47-07:00
bionhart, 1, 2014-05-07T23:37:47-07:00
kung_fu_mike, 1, 2014-05-07T23:37:47-07:00
itscaleb, 1, 2014-05-07T23:37:47-07:00
sealocal, 1, 2014-05-07T23:37:47-07:00
philoserf, 0, 2014-05-07T23:37:47-07:00
edconn, 0, 2014-05-07T23:37:47-07:00
henrywho, 0, 2014-05-07T23:37:47-07:00
Gringocl, 0, 2014-05-07T23:37:47-07:00
jakegavin, 0, 2014-05-07T23:37:47-07:00
parndt, 0, 2014-05-07T23:37:47-07:00
cbradbury, 0, 2014-05-07T23:37:47-07:00
susanna, 0, 2014-05-07T23:37:47-07:00
zenspider, 86, 2014-05-08T18:08:38-07:00
kushali, 78, 2014-05-08T18:08:38-07:00
kejadlen, 75, 2014-05-08T18:08:38-07:00
gurgeous2, 65, 2014-05-08T18:08:38-07:00
zubkonst, 34, 2014-05-08T18:08:38-07:00
chingor13, 23, 2014-05-08T18:08:38-07:00
kapy, 17, 2014-05-08T18:08:38-07:00
Elffers, 15, 2014-05-08T18:08:38-07:00
destron, 14, 2014-05-08T18:08:38-07:00
brownmike, 14, 2014-05-08T18:08:38-07:00
davidamarion, 13, 2014-05-08T18:08:38-07:00
phiggins, 13, 2014-05-08T18:08:38-07:00
jumbo135, 11, 2014-05-08T18:08:38-07:00
sfeldon, 10, 2014-05-08T18:08:38-07:00
stim371, 8, 2014-05-08T18:08:38-07:00
philcrissman, 8, 2014-05-08T18:08:38-07:00
benlakey, 5, 2014-05-08T18:08:38-07:00
jf647, 5, 2014-05-08T18:08:38-07:00
NanoXD, 4, 2014-05-08T18:08:38-07:00
Kaflurbaleen, 4, 2014-05-08T18:08:38-07:00
sealocal, 4, 2014-05-08T18:08:38-07:00
bionhart, 3, 2014-05-08T18:08:38-07:00
bookis, 2, 2014-05-08T18:08:38-07:00
richardcook, 2, 2014-05-08T18:08:38-07:00
AtomicStapler, 2, 2014-05-08T18:08:38-07:00
milesf, 1, 2014-05-08T18:08:38-07:00
ElizabethU, 1, 2014-05-08T18:08:38-07:00
kung_fu_mike, 1, 2014-05-08T18:08:38-07:00
itscaleb, 1, 2014-05-08T18:08:38-07:00
corprew, 1, 2014-05-08T18:08:38-07:00
philoserf, 0, 2014-05-08T18:08:38-07:00
edconn, 0, 2014-05-08T18:08:38-07:00
henrywho, 0, 2014-05-08T18:08:38-07:00
Gringocl, 0, 2014-05-08T18:08:38-07:00
jakegavin, 0, 2014-05-08T18:08:38-07:00
parndt, 0, 2014-05-08T18:08:38-07:00
cbradbury, 0, 2014-05-08T18:08:38-07:00
susanna, 0, 2014-05-08T18:08:38-07:00
richardjortega, 0, 2014-05-08T18:08:38-07:00
sprestage, 0, 2014-05-08T18:08:38-07:00
zenspider, 87, 2014-05-09T09:31:43-07:00
kushali, 78, 2014-05-09T09:31:43-07:00
gurgeous2, 76, 2014-05-09T09:31:43-07:00
kejadlen, 75, 2014-05-09T09:31:43-07:00
zubkonst, 47, 2014-05-09T09:31:43-07:00
Elffers, 26, 2014-05-09T09:31:43-07:00
chingor13, 23, 2014-05-09T09:31:43-07:00
kapy, 17, 2014-05-09T09:31:43-07:00
brownmike, 15, 2014-05-09T09:31:43-07:00
destron, 14, 2014-05-09T09:31:43-07:00
davidamarion, 14, 2014-05-09T09:31:43-07:00
phiggins, 13, 2014-05-09T09:31:43-07:00
sfeldon, 12, 2014-05-09T09:31:43-07:00
jumbo135, 11, 2014-05-09T09:31:43-07:00
philcrissman, 9, 2014-05-09T09:31:43-07:00
stim371, 8, 2014-05-09T09:31:43-07:00
richardcook, 8, 2014-05-09T09:31:43-07:00
benlakey, 5, 2014-05-09T09:31:43-07:00
jf647, 5, 2014-05-09T09:31:43-07:00
NanoXD, 4, 2014-05-09T09:31:43-07:00
Kaflurbaleen, 4, 2014-05-09T09:31:43-07:00
sealocal, 4, 2014-05-09T09:31:43-07:00
bionhart, 4, 2014-05-09T09:31:43-07:00
bookis, 2, 2014-05-09T09:31:43-07:00
AtomicStapler, 2, 2014-05-09T09:31:43-07:00
milesf, 1, 2014-05-09T09:31:43-07:00
ElizabethU, 1, 2014-05-09T09:31:43-07:00
kung_fu_mike, 1, 2014-05-09T09:31:43-07:00
itscaleb, 1, 2014-05-09T09:31:43-07:00
corprew, 1, 2014-05-09T09:31:43-07:00
philoserf, 0, 2014-05-09T09:31:43-07:00
edconn, 0, 2014-05-09T09:31:43-07:00
henrywho, 0, 2014-05-09T09:31:43-07:00
Gringocl, 0, 2014-05-09T09:31:43-07:00
jakegavin, 0, 2014-05-09T09:31:43-07:00
parndt, 0, 2014-05-09T09:31:43-07:00
cbradbury, 0, 2014-05-09T09:31:43-07:00
susanna, 0, 2014-05-09T09:31:43-07:00
richardjortega, 0, 2014-05-09T09:31:43-07:00
sprestage, 0, 2014-05-09T09:31:43-07:00
zenspider, 90, 2014-05-10T13:30:30-07:00
gurgeous2, 82, 2014-05-10T13:30:30-07:00
kushali, 80, 2014-05-10T13:30:30-07:00
kejadlen, 75, 2014-05-10T13:30:30-07:00
zubkonst, 48, 2014-05-10T13:30:30-07:00
Elffers, 27, 2014-05-10T13:30:30-07:00
chingor13, 23, 2014-05-10T13:30:30-07:00
brownmike, 18, 2014-05-10T13:30:30-07:00
kapy, 17, 2014-05-10T13:30:30-07:00
davidamarion, 15, 2014-05-10T13:30:30-07:00
destron, 14, 2014-05-10T13:30:30-07:00
sfeldon, 14, 2014-05-10T13:30:30-07:00
phiggins, 13, 2014-05-10T13:30:30-07:00
richardcook, 12, 2014-05-10T13:30:30-07:00
jumbo135, 11, 2014-05-10T13:30:30-07:00
philcrissman, 10, 2014-05-10T13:30:30-07:00
jf647, 10, 2014-05-10T13:30:30-07:00
stim371, 8, 2014-05-10T13:30:30-07:00
benlakey, 5, 2014-05-10T13:30:30-07:00
NanoXD, 4, 2014-05-10T13:30:30-07:00
Kaflurbaleen, 4, 2014-05-10T13:30:30-07:00
sealocal, 4, 2014-05-10T13:30:30-07:00
bionhart, 4, 2014-05-10T13:30:30-07:00
bookis, 2, 2014-05-10T13:30:30-07:00
anyarms, 2, 2014-05-10T13:30:30-07:00
AtomicStapler, 2, 2014-05-10T13:30:30-07:00
eulerhouse, 2, 2014-05-10T13:30:30-07:00
milesf, 1, 2014-05-10T13:30:30-07:00
ElizabethU, 1, 2014-05-10T13:30:30-07:00
kung_fu_mike, 1, 2014-05-10T13:30:30-07:00
itscaleb, 1, 2014-05-10T13:30:30-07:00
corprew, 1, 2014-05-10T13:30:30-07:00
philoserf, 0, 2014-05-10T13:30:30-07:00
edconn, 0, 2014-05-10T13:30:30-07:00
henrywho, 0, 2014-05-10T13:30:30-07:00
Gringocl, 0, 2014-05-10T13:30:30-07:00
jakegavin, 0, 2014-05-10T13:30:30-07:00
parndt, 0, 2014-05-10T13:30:30-07:00
cbradbury, 0, 2014-05-10T13:30:30-07:00
susanna, 0, 2014-05-10T13:30:30-07:00
richardjortega, 0, 2014-05-10T13:30:30-07:00
sprestage, 0, 2014-05-10T13:30:30-07:00
gurgeous2, 96, 2014-05-13T19:40:23-07:00
zenspider, 93, 2014-05-13T19:40:23-07:00
kushali, 82, 2014-05-13T19:40:23-07:00
kejadlen, 75, 2014-05-13T19:40:23-07:00
zubkonst, 54, 2014-05-13T19:40:23-07:00
Elffers, 29, 2014-05-13T19:40:23-07:00
jf647, 26, 2014-05-13T19:40:23-07:00
chingor13, 23, 2014-05-13T19:40:23-07:00
destron, 20, 2014-05-13T19:40:23-07:00
brownmike, 19, 2014-05-13T19:40:23-07:00
sfeldon, 19, 2014-05-13T19:40:23-07:00
NanoXD, 18, 2014-05-13T19:40:23-07:00
kapy, 17, 2014-05-13T19:40:23-07:00
benlakey, 16, 2014-05-13T19:40:23-07:00
davidamarion, 15, 2014-05-13T19:40:23-07:00
phiggins, 14, 2014-05-13T19:40:23-07:00
eulerhouse, 13, 2014-05-13T19:40:23-07:00
richardcook, 12, 2014-05-13T19:40:23-07:00
jumbo135, 11, 2014-05-13T19:40:23-07:00
philcrissman, 10, 2014-05-13T19:40:23-07:00
henrywho, 10, 2014-05-13T19:40:23-07:00
stim371, 8, 2014-05-13T19:40:23-07:00
bionhart, 5, 2014-05-13T19:40:23-07:00
Kaflurbaleen, 4, 2014-05-13T19:40:23-07:00
sealocal, 4, 2014-05-13T19:40:23-07:00
AtomicStapler, 4, 2014-05-13T19:40:23-07:00
sprestage, 4, 2014-05-13T19:40:23-07:00
edconn, 3, 2014-05-13T19:40:23-07:00
bookis, 2, 2014-05-13T19:40:23-07:00
anyarms, 2, 2014-05-13T19:40:23-07:00
milesf, 1, 2014-05-13T19:40:23-07:00
ElizabethU, 1, 2014-05-13T19:40:23-07:00
kung_fu_mike, 1, 2014-05-13T19:40:23-07:00
itscaleb, 1, 2014-05-13T19:40:23-07:00
corprew, 1, 2014-05-13T19:40:23-07:00
susanna, 1, 2014-05-13T19:40:23-07:00
philoserf, 0, 2014-05-13T19:40:23-07:00
Gringocl, 0, 2014-05-13T19:40:23-07:00
jakegavin, 0, 2014-05-13T19:40:23-07:00
parndt, 0, 2014-05-13T19:40:23-07:00
cbradbury, 0, 2014-05-13T19:40:23-07:00
richardjortega, 0, 2014-05-13T19:40:23-07:00

gurgeous2, 101, 2014-05-17T00:53:13-07:00
zenspider, 93, 2014-05-17T00:53:13-07:00
kushali, 82, 2014-05-17T00:53:13-07:00
kejadlen, 75, 2014-05-17T00:53:13-07:00
zubkonst, 58, 2014-05-17T00:53:13-07:00
Elffers, 33, 2014-05-17T00:53:13-07:00
jf647, 31, 2014-05-17T00:53:13-07:00
destron, 24, 2014-05-17T00:53:13-07:00
chingor13, 23, 2014-05-17T00:53:13-07:00
brownmike, 23, 2014-05-17T00:53:13-07:00
sfeldon, 19, 2014-05-17T00:53:13-07:00
NanoXD, 18, 2014-05-17T00:53:13-07:00
kapy, 17, 2014-05-17T00:53:13-07:00
benlakey, 16, 2014-05-17T00:53:13-07:00
davidamarion, 15, 2014-05-17T00:53:13-07:00
phiggins, 14, 2014-05-17T00:53:13-07:00
eulerhouse, 13, 2014-05-17T00:53:13-07:00
richardcook, 12, 2014-05-17T00:53:13-07:00
jumbo135, 11, 2014-05-17T00:53:13-07:00
henrywho, 11, 2014-05-17T00:53:13-07:00
philcrissman, 10, 2014-05-17T00:53:13-07:00
edconn, 9, 2014-05-17T00:53:13-07:00
stim371, 8, 2014-05-17T00:53:13-07:00
sprestage, 7, 2014-05-17T00:53:13-07:00
bionhart, 6, 2014-05-17T00:53:13-07:00
Kaflurbaleen, 4, 2014-05-17T00:53:13-07:00
sealocal, 4, 2014-05-17T00:53:13-07:00
AtomicStapler, 4, 2014-05-17T00:53:13-07:00
bookis, 2, 2014-05-17T00:53:13-07:00
anyarms, 2, 2014-05-17T00:53:13-07:00
milesf, 1, 2014-05-17T00:53:13-07:00
ElizabethU, 1, 2014-05-17T00:53:13-07:00
kung_fu_mike, 1, 2014-05-17T00:53:13-07:00
itscaleb, 1, 2014-05-17T00:53:13-07:00
corprew, 1, 2014-05-17T00:53:13-07:00
susanna, 1, 2014-05-17T00:53:13-07:00
philoserf, 0, 2014-05-17T00:53:13-07:00
Gringocl, 0, 2014-05-17T00:53:13-07:00
jakegavin, 0, 2014-05-17T00:53:13-07:00
parndt, 0, 2014-05-17T00:53:13-07:00
cbradbury, 0, 2014-05-17T00:53:13-07:00
richardjortega, 0, 2014-05-17T00:53:13-07:00

gurgeous2, 117, 2014-05-18T20:44:37-07:00
zenspider, 93, 2014-05-18T20:44:37-07:00
kushali, 82, 2014-05-18T20:44:37-07:00
kejadlen, 75, 2014-05-18T20:44:37-07:00
zubkonst, 58, 2014-05-18T20:44:37-07:00
jf647, 39, 2014-05-18T20:44:37-07:00
Elffers, 35, 2014-05-18T20:44:37-07:00
destron, 24, 2014-05-18T20:44:37-07:00
chingor13, 23, 2014-05-18T20:44:37-07:00
brownmike, 23, 2014-05-18T20:44:37-07:00
sfeldon, 20, 2014-05-18T20:44:37-07:00
NanoXD, 18, 2014-05-18T20:44:37-07:00
eulerhouse, 18, 2014-05-18T20:44:37-07:00
kapy, 17, 2014-05-18T20:44:37-07:00
benlakey, 16, 2014-05-18T20:44:37-07:00
davidamarion, 15, 2014-05-18T20:44:37-07:00
phiggins, 14, 2014-05-18T20:44:37-07:00
jumbo135, 13, 2014-05-18T20:44:37-07:00
richardcook, 12, 2014-05-18T20:44:37-07:00
henrywho, 11, 2014-05-18T20:44:37-07:00
philcrissman, 10, 2014-05-18T20:44:37-07:00
edconn, 10, 2014-05-18T20:44:37-07:00
sprestage, 10, 2014-05-18T20:44:37-07:00
stim371, 8, 2014-05-18T20:44:37-07:00
bionhart, 6, 2014-05-18T20:44:37-07:00
Kaflurbaleen, 4, 2014-05-18T20:44:37-07:00
sealocal, 4, 2014-05-18T20:44:37-07:00
AtomicStapler, 4, 2014-05-18T20:44:37-07:00
jakegavin, 3, 2014-05-18T20:44:37-07:00
bookis, 2, 2014-05-18T20:44:37-07:00
anyarms, 2, 2014-05-18T20:44:37-07:00
milesf, 1, 2014-05-18T20:44:37-07:00
ElizabethU, 1, 2014-05-18T20:44:37-07:00
kung_fu_mike, 1, 2014-05-18T20:44:37-07:00
itscaleb, 1, 2014-05-18T20:44:37-07:00
corprew, 1, 2014-05-18T20:44:37-07:00
susanna, 1, 2014-05-18T20:44:37-07:00
philoserf, 0, 2014-05-18T20:44:37-07:00
Gringocl, 0, 2014-05-18T20:44:37-07:00
parndt, 0, 2014-05-18T20:44:37-07:00
cbradbury, 0, 2014-05-18T20:44:37-07:00
richardjortega, 0, 2014-05-18T20:44:37-07:00

gurgeous2, 118, 2014-05-19T20:55:11-07:00
zenspider, 93, 2014-05-19T20:55:11-07:00
kushali, 83, 2014-05-19T20:55:11-07:00
kejadlen, 75, 2014-05-19T20:55:11-07:00
zubkonst, 58, 2014-05-19T20:55:11-07:00
jf647, 39, 2014-05-19T20:55:11-07:00
Elffers, 35, 2014-05-19T20:55:11-07:00
destron, 24, 2014-05-19T20:55:11-07:00
chingor13, 23, 2014-05-19T20:55:11-07:00
brownmike, 23, 2014-05-19T20:55:11-07:00
sfeldon, 21, 2014-05-19T20:55:11-07:00
NanoXD, 18, 2014-05-19T20:55:11-07:00
eulerhouse, 18, 2014-05-19T20:55:11-07:00
kapy, 17, 2014-05-19T20:55:11-07:00
benlakey, 16, 2014-05-19T20:55:11-07:00
davidamarion, 15, 2014-05-19T20:55:11-07:00
phiggins, 14, 2014-05-19T20:55:11-07:00
jumbo135, 13, 2014-05-19T20:55:11-07:00
edconn, 13, 2014-05-19T20:55:11-07:00
richardcook, 12, 2014-05-19T20:55:11-07:00
henrywho, 11, 2014-05-19T20:55:11-07:00
sprestage, 11, 2014-05-19T20:55:11-07:00
philcrissman, 10, 2014-05-19T20:55:11-07:00
stim371, 8, 2014-05-19T20:55:11-07:00
bionhart, 6, 2014-05-19T20:55:11-07:00
Kaflurbaleen, 4, 2014-05-19T20:55:11-07:00
sealocal, 4, 2014-05-19T20:55:11-07:00
AtomicStapler, 4, 2014-05-19T20:55:11-07:00
jakegavin, 3, 2014-05-19T20:55:11-07:00
bookis, 2, 2014-05-19T20:55:11-07:00
anyarms, 2, 2014-05-19T20:55:11-07:00
milesf, 1, 2014-05-19T20:55:11-07:00
ElizabethU, 1, 2014-05-19T20:55:11-07:00
kung_fu_mike, 1, 2014-05-19T20:55:11-07:00
itscaleb, 1, 2014-05-19T20:55:11-07:00
corprew, 1, 2014-05-19T20:55:11-07:00
susanna, 1, 2014-05-19T20:55:11-07:00
philoserf, 0, 2014-05-19T20:55:11-07:00
Gringocl, 0, 2014-05-19T20:55:11-07:00
parndt, 0, 2014-05-19T20:55:11-07:00
cbradbury, 0, 2014-05-19T20:55:11-07:00
richardjortega, 0, 2014-05-19T20:55:11-07:00
